date,ticker,dominant_sentiment,avg_confidence,total_score,mention_count,reasoning_summary
2024-11-08,A,neutral,0.725,1903,14,"The speaker expresses a sense of vindication and financial reward, indicating a positive sentiment towards the stock.; The text does not provide a clear positive or negative sentiment towards 'A', and"
2024-11-08,AAPL,bearish,0.85,42,1,"The text indicates that the speaker liquidated a significant amount of AAPL options, suggesting a lack of confidence in AAPL's performance."
2024-11-08,ALL,neutral,0.5916666666666667,1864,6,"ALL is not mentioned in the context of a specific sentiment; the discussion is more about options and general market sentiment.; ALL is mentioned but not discussed in detail, leading to a neutral sent"
2024-11-08,ARE,neutral,0.55,1747,7,"The term 'ARE' appears in a descriptive context without any sentiment implication.; ARE is mentioned but not discussed in detail, leading to a neutral sentiment classification.; The phrase 'VIBES ARE "
2024-11-08,BABA,bearish,0.85,218,1,The text expresses regret about buying BABA calls and implies that the author's investment decisions are negatively impacting the stock.
2024-11-08,COIN,bearish,0.85,1,1,The text discusses concerns about $COIN's fundamentals declining and the inevitability of a correction despite a current bullish mood. The mention of competition and respected figures predicting a cra
2024-11-08,DAY,neutral,0.6166666666666667,84,3,"DAY is mentioned but without any context or sentiment attached, leading to a neutral classification.; DAY is mentioned without any context or sentiment, making it neutral.; The text expresses exciteme"
2024-11-08,DD,neutral,0.6,279,2,"DD is mentioned without any context or sentiment, making it neutral.; The mention of 'DD' is in a context that does not express a clear positive or negative sentiment."
2024-11-08,GM,bearish,0.95,5,1,"The text discusses multiple reasons why GM's stock is expected to decline due to upcoming tariffs and the company's reliance on sales from China and Mexico, indicating a strong negative outlook."
2024-11-08,HAS,neutral,0.5875,1668,4,"HAS is mentioned but there is no sentiment expressed regarding its performance or outlook.; The phrase 'I think the time has come' does not provide clear positive or negative sentiment towards HAS, ma"
2024-11-08,IT,neutral,0.60625,2029,8,"The text does not mention IT in a context that conveys sentiment.; IT is mentioned but without any context or sentiment attached, leading to a neutral classification.; The mention of 'IT' is not prese"
2024-11-08,LCID,bearish,0.85,9,1,"The text expresses frustration and a lack of positive movement in the stock, indicating a negative sentiment towards LCID."
2024-11-08,LMND,bullish,0.85,0,1,The text indicates a significant increase in LMND's stock price (+80% on the month) and expresses optimism about its future performance ('Up only from here').
2024-11-08,LOW,neutral,0.5,15,1,The mention of 'LOW' does not provide any sentiment; it is part of a broader discussion on market conditions.
2024-11-08,LUNR,bullish,0.85,19,1,"The text expresses a strong belief in the long-term potential of Lunr, suggesting significant price appreciation and encouraging others to buy and hold."
2024-11-08,MNDY,bullish,0.9,5,1,"The text highlights strong financials and consistent revenue growth for MNDY, indicating positive sentiment."
2024-11-08,MSOS,bearish,0.85,7,1,"The text indicates a significant loss and concern about recovery, suggesting a negative outlook on the MSOS ETF."
2024-11-08,NVDA,bullish,0.85,0,1,"The text indicates a positive outlook on NVDA, mentioning buying after a dip and expecting a boom, which suggests bullish sentiment."
2024-11-08,NVIDIA,neutral,0.75,31,1,"The text expresses uncertainty about holding Nvidia stock, indicating no strong bullish or bearish sentiment."
2024-11-08,ON,neutral,0.625,746,16,The mention of 'ON' does not provide any positive or negative sentiment; it is used in a context that does not indicate a clear opinion.; The text does not provide any specific information or opinion 
2024-11-08,PALANTIR,neutral,0.7,31,1,"The mention of considering investing in Palantir suggests a lack of strong conviction either way, leading to a neutral sentiment."
2024-11-08,RKLB,neutral,0.75,10,1,"The text discusses uncertainty about when to buy options for RKLB, indicating neither strong optimism nor pessimism about the stock's performance."
2024-11-08,SEZL,bullish,0.85,11,1,"The text expresses positive sentiment towards SEZL, highlighting its strong numbers and potential for growth, as well as a personal desire to invest more."
2024-11-08,SH,bullish,0.85,1,1,"The partnership with MCSU Health is expected to significantly boost SoundHound's earnings, indicating a positive outlook for the stock."
2024-11-08,SMAR,bullish,0.9,5,1,"Similar to MNDY, SMAR is described as having strong financials and a stable subscription model, suggesting a positive outlook."
2024-11-08,SMCI,bearish,0.75,33,1,The mention of losing money on SMCI options and selling too early indicates a negative sentiment towards the stock.
2024-11-08,SO,neutral,0.5428571428571428,342,7,"The text mentions SO in the context of earnings and speculation, but does not provide a clear positive or negative sentiment towards the stock itself.; SO is mentioned but without any context or senti"
2024-11-08,SOUN,bearish,0.8,10,1,The mention of a dilutive sale and the reference to selling stock at a discount indicate negative sentiment towards the stock's future performance.
2024-11-08,SPY,bearish,0.875,42,2,"The mention of 'long dated SPY calls' implies a positive outlook on SPY, indicating a belief that its value will increase.; The text indicates an expectation of a correction in SPY, suggesting a beari"
2024-11-08,TSLA,bullish,0.8384615384615385,4800,13,"The author expresses frustration over losing money shorting TSLA and indicates that their strategy has not worked well recently, suggesting a negative outlook on the stock.; The text indicates a succe"
